cluster,accident_count,center_lat,center_lon,risk_level
0,2907,20.449813097425782,79.01899224387317,HIGH
1,93,27.015737745492505,74.20907640973181,LOW
